drop database if exists vk2;
create database vk2;
use vk2;


DROP TABLE IF EXISTS `communities`;
CREATE TABLE `communities` (
  `id` bigint(20) unsigned NOT NULL AUTO_INCREMENT,
  `name` varchar(200) COLLATE utf8_unicode_ci DEFAULT NULL,
  PRIMARY KEY (`id`),
  KEY `name` (`name`)
) ENGINE=InnoDB AUTO_INCREMENT=101 DEFAULT CHARSET=utf8 COLLATE=utf8_unicode_ci;

INSERT INTO `communities` VALUES ('82','ad'),
('29','adipisci'),
('27','animi'),
('72','architecto'),
('76','aspernatur'),
('81','assumenda'),
('56','at'),
('9','aut'),
('61','aut'),
('40','autem'),
('44','autem'),
('11','consequatur'),
('13','consequatur'),
('52','consequatur'),
('59','dicta'),
('94','dolor'),
('100','dolor'),
('25','dolores'),
('83','dolorum'),
('26','ducimus'),
('8','earum'),
('92','enim'),
('32','eos'),
('19','est'),
('35','est'),
('99','est'),
('46','et'),
('53','et'),
('34','ex'),
('41','excepturi'),
('42','excepturi'),
('12','expedita'),
('88','expedita'),
('10','facilis'),
('1','id'),
('24','labore'),
('48','labore'),
('70','magni'),
('75','maiores'),
('36','minima'),
('39','natus'),
('84','neque'),
('74','nisi'),
('96','nisi'),
('43','non'),
('85','non'),
('5','nostrum'),
('95','nulla'),
('71','odit'),
('16','officia'),
('17','officia'),
('90','omnis'),
('31','perferendis'),
('57','perferendis'),
('63','perferendis'),
('64','perspiciatis'),
('18','provident'),
('67','provident'),
('80','quaerat'),
('54','quia'),
('93','quia'),
('21','quibusdam'),
('60','quibusdam'),
('45','quis'),
('51','quis'),
('98','quo'),
('73','recusandae'),
('49','reiciendis'),
('22','repellat'),
('37','repellat'),
('97','reprehenderit'),
('4','rerum'),
('69','rerum'),
('7','sapiente'),
('86','sint'),
('47','sit'),
('50','sit'),
('55','sit'),
('66','sit'),
('89','soluta'),
('65','suscipit'),
('23','tempore'),
('3','totam'),
('15','totam'),
('58','totam'),
('20','ullam'),
('78','ut'),
('87','ut'),
('68','vel'),
('62','veniam'),
('38','vitae'),
('79','vitae'),
('6','voluptas'),
('30','voluptas'),
('2','voluptate'),
('14','voluptate'),
('91','voluptatem'),
('28','voluptates'),
('33','voluptatibus'),
('77','voluptatum'); 


DROP TABLE IF EXISTS `friend_requests`;
CREATE TABLE `friend_requests` (
  `initiator_user_id` bigint(20) unsigned NOT NULL,
  `target_user_id` bigint(20) unsigned NOT NULL,
  `status` enum('requested','approved','unfriended','declined') COLLATE utf8_unicode_ci DEFAULT NULL,
  `created_at` datetime DEFAULT current_timestamp(),
  `updated_at` datetime DEFAULT NULL,
  PRIMARY KEY (`initiator_user_id`,`target_user_id`),
  KEY `initiator_user_id` (`initiator_user_id`),
  KEY `target_user_id` (`target_user_id`),
  CONSTRAINT `friend_requests_ibfk_1` FOREIGN KEY (`initiator_user_id`) REFERENCES `users` (`id`),
  CONSTRAINT `friend_requests_ibfk_2` FOREIGN KEY (`target_user_id`) REFERENCES `users` (`id`)
) ENGINE=InnoDB DEFAULT CHARSET=utf8 COLLATE=utf8_unicode_ci;

INSERT INTO `friend_requests` VALUES ('1','1','requested','1977-11-10 00:38:12','2001-01-05 12:28:02'),
('2','2','requested','1985-07-18 09:00:14','1995-05-24 09:54:43'),
('3','3','unfriended','1980-10-29 14:23:09','1979-09-04 21:15:02'),
('4','4','approved','2005-10-28 08:06:09','1986-10-20 06:54:32'),
('5','5','approved','2018-09-01 08:48:21','2005-10-04 23:57:37'),
('6','6','declined','2002-04-03 14:39:55','1997-11-13 04:09:50'),
('7','7','declined','1979-08-03 17:57:11','1974-05-28 17:19:53'),
('8','8','declined','1989-05-11 13:56:00','1973-04-27 01:11:02'),
('9','9','requested','1973-01-25 01:09:18','1999-11-24 14:47:43'),
('10','10','declined','2019-05-28 12:41:53','2019-03-20 08:07:13'); 


DROP TABLE IF EXISTS `friends`;
CREATE TABLE `friends` (
  `id` bigint(20) unsigned NOT NULL AUTO_INCREMENT,
  `firstname` varchar(100) COLLATE utf8_unicode_ci DEFAULT NULL,
  `lastname` varchar(100) COLLATE utf8_unicode_ci DEFAULT NULL,
  `phone` varchar(12) COLLATE utf8_unicode_ci DEFAULT NULL,
  `friends_media` bigint(20) unsigned NOT NULL,
  `friend_id` bigint(20) unsigned NOT NULL,
  PRIMARY KEY (`id`),
  KEY `friends_phone_idx` (`phone`),
  KEY `firstname` (`firstname`,`lastname`),
  KEY `friend_id` (`friend_id`),
  CONSTRAINT `friends_ibfk_1` FOREIGN KEY (`friend_id`) REFERENCES `users` (`id`)
) ENGINE=InnoDB AUTO_INCREMENT=11 DEFAULT CHARSET=utf8 COLLATE=utf8_unicode_ci;

INSERT INTO `friends` VALUES ('1','Kelley','Ullrich','(214)086-909','0','1'),
('2','Caleb','Cronin','827.283.1762','0','2'),
('3','Mack','Kunze','1-430-894-64','0','3'),
('4','Dominique','McClure','893-762-3728','0','4'),
('5','Myra','Koss','(931)694-946','0','5'),
('6','Isabel','Deckow','06404857287','0','6'),
('7','Heloise','Leannon','00704594251','0','7'),
('8','Andrew','Beahan','(950)937-920','0','8'),
('9','Gladys','Abbott','(710)945-381','0','9'),
('10','Brendon','Fay','03034476335','0','10'); 


DROP TABLE IF EXISTS `friends_news`;
CREATE TABLE `friends_news` (
  `id` bigint(20) unsigned NOT NULL AUTO_INCREMENT,
  `name_friend` varchar(200) COLLATE utf8_unicode_ci DEFAULT NULL,
  `media_id_friend` bigint(20) unsigned NOT NULL,
  `created_at` datetime DEFAULT current_timestamp(),
  PRIMARY KEY (`id`),
  KEY `name_friend` (`name_friend`),
  KEY `media_id_friend` (`media_id_friend`),
  CONSTRAINT `friends_news_ibfk_1` FOREIGN KEY (`media_id_friend`) REFERENCES `friends` (`id`)
) ENGINE=InnoDB AUTO_INCREMENT=81 DEFAULT CHARSET=utf8 COLLATE=utf8_unicode_ci;



DROP TABLE IF EXISTS `likes`;
CREATE TABLE `likes` (
  `id` bigint(20) unsigned NOT NULL AUTO_INCREMENT,
  `user_id` bigint(20) unsigned NOT NULL,
  `media_id` bigint(20) unsigned NOT NULL,
  `created_at` datetime DEFAULT current_timestamp(),
  PRIMARY KEY (`id`)
) ENGINE=InnoDB AUTO_INCREMENT=21 DEFAULT CHARSET=utf8 COLLATE=utf8_unicode_ci;

INSERT INTO `likes` VALUES ('1','1','1','2006-06-19 15:32:15'),
('2','2','2','2003-02-25 14:22:20'),
('3','3','3','1979-08-13 05:04:55'),
('4','4','4','2012-12-07 08:31:35'),
('5','5','5','2011-04-26 11:37:28'),
('6','6','6','2016-04-15 13:29:36'),
('7','7','7','1988-11-14 21:18:42'),
('8','8','8','1993-08-15 17:53:30'),
('9','9','9','2001-10-24 02:19:51'),
('10','10','10','1977-09-15 21:02:58'),
('11','11','11','2019-12-29 07:56:17'),
('12','12','12','1977-10-13 23:32:01'),
('13','13','13','1992-10-05 21:52:53'),
('14','14','14','2013-06-17 17:31:28'),
('15','15','15','1996-08-25 03:25:00'),
('16','16','16','1972-07-05 00:30:14'),
('17','17','17','2017-04-06 12:00:29'),
('18','18','18','2009-10-01 10:14:10'),
('19','19','19','1991-11-29 07:55:17'),
('20','20','20','1991-11-26 23:23:16'); 


DROP TABLE IF EXISTS `media`;
CREATE TABLE `media` (
  `id` bigint(20) unsigned NOT NULL AUTO_INCREMENT,
  `media_type_id` bigint(20) unsigned NOT NULL,
  `user_id` bigint(20) unsigned NOT NULL,
  `body` text COLLATE utf8_unicode_ci DEFAULT NULL,
  `filename` varchar(255) COLLATE utf8_unicode_ci DEFAULT NULL,
  `size` int(11) DEFAULT NULL,
  `meadata` longtext CHARACTER SET utf8mb4 COLLATE utf8mb4_bin DEFAULT NULL,
  `created_at` datetime DEFAULT current_timestamp(),
  `update_at` datetime DEFAULT current_timestamp() ON UPDATE current_timestamp(),
  PRIMARY KEY (`id`),
  KEY `user_id` (`user_id`),
  KEY `media_type_id` (`media_type_id`),
  CONSTRAINT `media_ibfk_1` FOREIGN KEY (`user_id`) REFERENCES `users` (`id`),
  CONSTRAINT `media_ibfk_2` FOREIGN KEY (`media_type_id`) REFERENCES `media_types` (`id`)
) ENGINE=InnoDB AUTO_INCREMENT=51 DEFAULT CHARSET=utf8 COLLATE=utf8_unicode_ci;

INSERT INTO `media` VALUES ('1','1','1','Dignissimos est occaecati amet amet in maxime. Rerum ducimus ut est quibusdam. Exercitationem molestias facilis consequatur corporis consequatur soluta eligendi.','aspernatur','11908579',NULL,'2017-01-23 02:24:35','1979-11-08 08:08:18'),
('2','2','2','Similique sit eligendi rerum omnis itaque. Ad accusamus voluptatem et harum dolores officia. Suscipit autem reiciendis omnis similique quia accusantium. Molestias occaecati soluta corrupti dolor cupiditate voluptatibus quis non.','occaecati','30652',NULL,'1998-02-23 14:21:36','2004-08-29 09:52:36'),
('3','3','3','Velit occaecati sed quidem eum velit voluptas neque omnis. Sit iusto adipisci totam quibusdam. Corporis aliquam enim est ex similique sit. Ut fugit exercitationem nihil vitae.','aut','48586989',NULL,'1993-03-07 04:42:52','2010-06-06 05:50:11'),
('4','4','4','Esse et totam laboriosam autem provident laborum. Labore sit delectus id. Voluptate qui sequi ad consequatur. Non et laudantium quaerat eum.','laborum','50',NULL,'1970-05-31 12:57:48','1999-12-03 14:09:38'),
('5','5','5','Id quo sed rerum accusamus eos quasi doloremque. Possimus laborum quidem voluptas ex sed eos officia necessitatibus. Et mollitia iste consequatur vel officia consequatur laboriosam.','placeat','0',NULL,'1970-08-17 11:31:05','1972-10-10 14:55:20'),
('6','6','6','Sed atque non ipsam sequi repellat eaque velit. Modi voluptas iure vero repudiandae. Sed nihil fugiat totam repudiandae dolores.','sed','0',NULL,'2011-11-30 16:09:58','2014-06-27 13:12:47'),
('7','7','7','Velit earum cupiditate earum totam. Est ut et quasi in vitae quia. Molestias recusandae iste minus ab. Amet cum dolorem eos sunt quia.','et','0',NULL,'2000-06-14 11:14:15','1972-02-25 22:08:49'),
('8','8','8','Sint omnis velit possimus qui quisquam nihil. Voluptatem sequi itaque similique autem. Dolor libero fugiat sapiente quos qui. Qui accusamus enim facere deleniti ratione.','nihil','5714',NULL,'2012-07-29 00:12:08','1989-03-17 23:12:27'),
('9','9','9','Officia eum consequatur quisquam quo iure molestias. Beatae numquam tempore dolor necessitatibus in sit. Magnam quis sit ipsum eveniet perferendis.','iusto','9526',NULL,'2000-06-15 17:13:11','1985-11-05 00:42:25'),
('10','10','10','Animi sunt molestias dolorum omnis commodi. Dolore aliquam doloremque non dolor libero architecto labore. Nulla eaque aut optio architecto.','dolores','200878',NULL,'1981-04-15 18:23:53','1971-08-03 05:29:50'),
('11','11','11','Minima nihil voluptas qui odio. Sit adipisci fugit consectetur quam eligendi. Aut eligendi neque vitae omnis placeat beatae corrupti quia.','error','72598853',NULL,'1983-01-27 16:41:31','1994-09-07 04:08:39'),
('12','12','12','Et assumenda optio nobis deserunt alias. Sequi id ut tempora quis rerum voluptatem. Ut vero laborum labore aut. Voluptatem quisquam eos aspernatur enim error sunt.','deleniti','8783',NULL,'1990-02-28 12:22:33','1983-08-21 17:05:56'),
('13','13','13','Beatae asperiores architecto qui est aut voluptatem. Debitis et numquam qui. Molestias velit similique natus sit asperiores ratione.','sequi','0',NULL,'2000-08-11 16:58:48','1980-08-04 17:01:10'),
('14','14','14','Architecto ut aut hic omnis voluptates. Quia vero ducimus et ratione. Esse dolore voluptatibus iure eligendi.','debitis','2367930',NULL,'2001-06-07 14:45:24','1975-06-14 11:37:30'),
('15','15','15','Quis velit facilis quos voluptatem sint. Ipsam dolore perferendis pariatur officia. Consequatur at dolorum quaerat optio ut aut.','sunt','0',NULL,'1988-05-06 21:10:20','1999-11-16 07:37:09'),
('16','16','16','Neque dolor deleniti sed exercitationem eum ut. Eius omnis suscipit explicabo vitae. Reiciendis et fugit qui ut. Et consequatur ipsam hic quas ipsa ut velit.','in','7069172',NULL,'1990-09-27 15:56:23','2004-04-25 04:19:40'),
('17','17','17','Qui nesciunt repellendus et voluptatum architecto laborum. Dolorum maiores aut hic qui fugit beatae maiores. Et nihil ipsum saepe. Voluptas molestiae dolorum at sit dolore unde numquam.','soluta','729791',NULL,'2005-12-10 00:11:20','1970-11-28 11:42:08'),
('18','18','18','Nulla et suscipit vero necessitatibus ipsum exercitationem. Sint qui necessitatibus porro ut saepe. Amet iusto id labore.','ad','40223706',NULL,'2010-10-11 14:42:52','1985-06-02 10:50:17'),
('19','19','19','Doloribus tempora et perspiciatis iste. Facere distinctio placeat ipsum quibusdam vero. Consequatur repudiandae perspiciatis libero repellendus blanditiis reiciendis ut.','eos','92757032',NULL,'1983-08-26 19:18:03','1987-09-13 18:30:39'),
('20','20','20','Pariatur expedita velit non. Rerum aut velit eius excepturi voluptatem reiciendis voluptatum atque. Et autem expedita natus repudiandae voluptatibus facilis reiciendis. Iure dolorem accusamus voluptatem laudantium inventore quae omnis.','dolores','72',NULL,'1976-09-28 08:55:58','1978-04-30 14:29:44'),
('21','21','21','Sed qui aperiam quae qui. Aut dolores cumque sit est. Velit dolor exercitationem alias recusandae impedit.','similique','202713409',NULL,'2002-09-21 03:07:20','1987-11-17 18:35:30'),
('22','22','22','Possimus quod est ut autem explicabo. Aperiam unde ducimus dolore esse est ut. Culpa saepe pariatur maxime occaecati autem dolor. Nam tempora aliquid qui.','quia','36214',NULL,'2016-11-20 11:14:23','2007-07-04 21:22:46'),
('23','23','23','Et tenetur accusantium et. Expedita et ut esse voluptatem voluptatem amet. Quidem eaque dolore est suscipit repellat fugit ducimus ex. Sit nam et ea quia non ut.','nihil','96',NULL,'1999-11-03 10:43:03','1981-12-15 20:30:44'),
('24','24','24','Totam eius saepe libero velit. Explicabo at nostrum ut autem. Ut ut dolorem minima.','doloribus','754400',NULL,'1989-03-25 11:16:56','1989-08-19 15:18:57'),
('25','25','25','Reiciendis illum quibusdam et ea quaerat voluptas nam impedit. Similique et in aut.','corporis','92194',NULL,'2002-06-05 07:22:53','2008-06-07 14:25:43'),
('26','26','26','Soluta quis molestias totam repudiandae delectus perferendis omnis. In assumenda occaecati magni dolor non voluptas. Pariatur provident ut autem qui neque qui omnis. Rerum est harum consequatur delectus quis dignissimos.','expedita','26',NULL,'2010-07-16 11:29:15','1977-06-14 01:33:57'),
('27','27','27','Tempore nisi consequatur ipsam vel ullam aliquid aperiam mollitia. Voluptates quae quia molestias blanditiis rerum magni. Rerum sed doloribus autem unde ut. Dicta aut eius sint enim.','natus','0',NULL,'1994-04-14 09:47:44','2007-02-08 04:53:04'),
('28','28','28','Laudantium soluta ea beatae incidunt unde doloribus. Voluptatibus amet blanditiis totam provident.','cupiditate','0',NULL,'2008-07-03 17:18:39','2019-01-28 06:49:13'),
('29','29','29','Deleniti non consequatur aliquid deserunt. Et temporibus totam illum perspiciatis sed. Non libero tempora non nihil asperiores et.','beatae','9610205',NULL,'2003-08-14 16:25:53','1994-01-22 04:00:29'),
('30','30','30','Facilis numquam consequatur maxime fuga. Aliquid totam nesciunt est aut qui animi mollitia. Asperiores fugit minima iure eos.','deserunt','258',NULL,'2011-11-05 02:23:41','1986-10-05 14:57:13'),
('31','1','1','Harum laudantium numquam autem. Quisquam voluptatibus quaerat fugiat velit sed. Ipsum officia qui deserunt alias dolore nostrum alias qui. Quibusdam voluptatibus rerum debitis ea ea.','molestiae','0',NULL,'2011-10-11 20:38:26','2002-01-17 09:44:09'),
('32','2','2','Quae incidunt ea dolor quae. Illum impedit numquam laboriosam veritatis maxime quam nulla. Et mollitia ipsa ullam aspernatur velit ducimus.','modi','829435',NULL,'1974-02-01 06:38:11','2009-03-13 09:14:49'),
('33','3','3','Sint perferendis quia accusantium quia eius et. Asperiores ipsam quia tempore maiores qui dignissimos odit. Ab animi est voluptas ducimus maxime omnis quos.','est','1872',NULL,'1981-05-11 03:18:01','2010-09-12 01:09:22'),
('34','4','4','Tenetur adipisci incidunt sed libero doloremque vel nesciunt. Consectetur molestiae neque omnis dolor. Nemo quo tempora excepturi atque dolores aut odit.','beatae','32788536',NULL,'2008-12-30 19:37:01','2008-05-22 10:58:11'),
('35','5','5','Qui est vel deleniti praesentium. Et in enim iste quasi occaecati. Qui et autem enim reprehenderit mollitia. Placeat odio quo voluptatum minima quos et. Earum itaque possimus reprehenderit soluta repudiandae.','quo','1',NULL,'1996-03-09 06:35:06','1997-05-05 07:43:03'),
('36','6','6','Et dignissimos corporis sint ut aut eum eos. Quo id rerum illo eos perferendis. Repellat sed occaecati eum et explicabo. Maiores ut enim officiis dicta vero.','quos','76',NULL,'1985-12-10 04:11:59','2003-07-04 01:42:07'),
('37','7','7','Aut omnis qui non quos. Nulla doloribus dicta facere nemo ipsum error. Sit odio vitae labore minima. In numquam mollitia molestias consectetur id. Itaque possimus voluptates blanditiis quas dolorum ex at.','illum','5486',NULL,'2002-02-03 08:57:02','2017-07-20 20:01:02'),
('38','8','8','Nihil ullam corrupti cum quia consequuntur autem molestias. Ut assumenda consequatur consectetur doloribus molestias minus. Animi tempore quia delectus porro iusto illum et.','iusto','4858',NULL,'2015-09-09 02:17:57','2011-01-16 20:40:59'),
('39','9','9','Alias iure consequatur assumenda mollitia modi illum sit eveniet. Sed optio repudiandae voluptates corporis aut reiciendis vel explicabo. Et praesentium aut sapiente sit explicabo qui repudiandae.','quis','0',NULL,'2008-04-13 19:50:25','1990-01-29 13:01:55'),
('40','10','10','Error debitis molestiae cupiditate quas iste nostrum. Ut reprehenderit suscipit quas veritatis sit et. Quisquam nihil qui exercitationem dolores sunt aliquam. Libero voluptas dolore non voluptatem nesciunt autem praesentium.','non','6',NULL,'2003-04-30 07:53:21','1988-12-19 01:13:27'),
('41','11','11','Porro assumenda fugit recusandae omnis velit. Sunt sunt nobis maxime alias et aliquid labore.','saepe','518041',NULL,'1989-09-22 02:18:12','1987-07-21 16:01:30'),
('42','12','12','Maxime ratione perferendis voluptatem error et. Laudantium inventore ad provident doloremque. Dicta ea eos veniam omnis reprehenderit quidem. Nemo adipisci harum est corrupti ut.','est','606',NULL,'2002-09-11 20:46:38','2002-10-04 17:32:43'),
('43','13','13','Et non autem eum id repellat aut nobis molestiae. Magni voluptatem non omnis et voluptatibus. Repellendus aperiam totam laudantium dignissimos tenetur. Nesciunt voluptatibus fugiat qui. Architecto aut quia cumque placeat aliquid at expedita non.','aut','14444152',NULL,'2018-04-21 04:24:31','1983-02-04 09:57:19'),
('44','14','14','Provident ullam natus tenetur numquam. Voluptates est tenetur velit aperiam. Eum officia est quibusdam.','corrupti','727',NULL,'2007-05-04 05:47:52','1999-08-06 14:11:25'),
('45','15','15','Quo hic nihil nisi. Ut corporis est ullam cum. Quam nesciunt recusandae ab fugit.','animi','92002821',NULL,'2000-11-08 00:14:41','2013-05-03 22:26:55'),
('46','16','16','Fugit rerum occaecati architecto dignissimos. Debitis voluptatem et vel eveniet quibusdam eligendi exercitationem amet. Velit ullam est praesentium unde earum.','ut','11719',NULL,'1970-08-28 05:56:18','2015-01-09 06:24:34'),
('47','17','17','Magnam quod sit minima possimus. Tenetur sit quod veritatis doloribus minus dolor cum. Omnis nobis maxime odit esse ipsa totam. Quia ut recusandae aut rerum ut facere. Libero aut iusto et consequatur corrupti et ipsum.','nobis','1',NULL,'2011-01-29 22:01:31','2004-05-20 15:47:02'),
('48','18','18','Blanditiis quas nemo esse illum et non quasi dicta. Sed ad sit sunt qui ut quia. Maxime in architecto non. Libero aut cupiditate adipisci quibusdam aperiam. Delectus et est ea dolor officia saepe adipisci.','possimus','780012438',NULL,'1996-02-13 18:26:12','2002-06-05 01:55:30'),
('49','19','19','Cupiditate vitae enim vel tenetur et. Quo impedit iusto illo odit officiis eum. Natus culpa voluptatem et architecto.','eos','6',NULL,'2012-03-27 22:46:48','1976-05-25 10:02:27'),
('50','20','20','Dolores atque alias numquam. Odit earum qui nam ut accusantium perferendis. Debitis ut autem quia sed. Cumque iure cupiditate tempore recusandae consequatur expedita asperiores eligendi.','ut','2436',NULL,'1984-03-25 09:38:16','1994-06-23 17:40:14'); 


DROP TABLE IF EXISTS `media_types`;
CREATE TABLE `media_types` (
  `id` bigint(20) unsigned NOT NULL AUTO_INCREMENT,
  `name` varchar(200) COLLATE utf8_unicode_ci DEFAULT NULL,
  PRIMARY KEY (`id`)
) ENGINE=InnoDB AUTO_INCREMENT=31 DEFAULT CHARSET=utf8 COLLATE=utf8_unicode_ci;

INSERT INTO `media_types` VALUES ('1','ut'),
('2','labore'),
('3','temporibus'),
('4','odit'),
('5','facilis'),
('6','quia'),
('7','aut'),
('8','voluptas'),
('9','harum'),
('10','dicta'),
('11','exercitationem'),
('12','non'),
('13','ex'),
('14','aut'),
('15','id'),
('16','quae'),
('17','perferendis'),
('18','possimus'),
('19','quas'),
('20','iure'),
('21','aut'),
('22','quia'),
('23','et'),
('24','quo'),
('25','ut'),
('26','aut'),
('27','facilis'),
('28','libero'),
('29','voluptatem'),
('30','nulla'); 


DROP TABLE IF EXISTS `messages`;
CREATE TABLE `messages` (
  `id` bigint(20) unsigned NOT NULL AUTO_INCREMENT,
  `from_user_id` bigint(20) unsigned NOT NULL,
  `to_user_id` bigint(20) unsigned NOT NULL,
  `body` text COLLATE utf8_unicode_ci DEFAULT NULL,
  `created_at` datetime DEFAULT current_timestamp(),
  PRIMARY KEY (`id`),
  KEY `from_user_id` (`from_user_id`),
  KEY `to_user_id` (`to_user_id`),
  CONSTRAINT `messages_ibfk_1` FOREIGN KEY (`from_user_id`) REFERENCES `users` (`id`),
  CONSTRAINT `messages_ibfk_2` FOREIGN KEY (`to_user_id`) REFERENCES `users` (`id`)
) ENGINE=InnoDB AUTO_INCREMENT=51 DEFAULT CHARSET=utf8 COLLATE=utf8_unicode_ci;

INSERT INTO `messages` VALUES ('1','1','1','Ullam voluptas labore et nisi harum voluptatem. Pariatur ut aut modi tenetur. Aut qui sapiente enim doloremque quam libero impedit id. Doloremque numquam numquam dolor expedita.','2005-01-28 05:44:09'),
('2','2','2','Necessitatibus quia occaecati fuga molestiae fugiat numquam est. Est minima officia et similique voluptatibus. Eligendi ad ipsa consequuntur eum in.','2008-02-12 01:11:06'),
('3','3','3','Quis beatae totam itaque sit temporibus ut quo. Optio vero rerum et perferendis. Autem a maiores atque porro porro culpa. Molestiae corrupti aut eos libero.','1972-09-09 07:22:44'),
('4','4','4','Eligendi mollitia et eius. Libero est aut architecto minima ab quisquam. Et eum id tempora.','1993-10-29 22:22:41'),
('5','5','5','Cum enim asperiores non optio nam ut. At incidunt error sed alias culpa sapiente. Mollitia optio totam dolorum magni. Dolores reprehenderit sit consectetur.','2011-05-14 21:58:43'),
('6','6','6','Magni illum ea molestiae. Velit odio facere odit. Rerum laboriosam inventore eaque cumque.','1973-06-02 10:25:07'),
('7','7','7','Assumenda illum sed suscipit quia dolores corporis. Dolor molestiae non suscipit sequi ut.','1981-09-12 03:07:17'),
('8','8','8','Placeat corrupti ab dolorem recusandae. Ut eum nihil id est aliquam veritatis. Debitis ipsam officiis quasi temporibus sunt. Nihil harum maxime vel.','1987-06-01 08:28:25'),
('9','9','9','Vel minus aut qui beatae. Perferendis dolorem id sit ut similique. Qui sit accusantium aperiam ab et.','1990-01-16 19:12:24'),
('10','10','10','Pariatur quo provident quas vel. Recusandae sunt magni sit maiores. Rerum distinctio omnis eos rerum amet unde. In magnam sit quasi est fugiat.','1978-02-04 21:49:28'),
('11','11','11','Vel pariatur voluptatibus voluptatem voluptatem eaque adipisci quisquam dolor. Omnis recusandae consequuntur expedita quisquam qui. Quae quia qui debitis ratione.','2001-07-10 23:52:39'),
('12','12','12','Accusantium iure qui recusandae provident tenetur eaque. Voluptas voluptate est qui magnam cum odit. Velit esse labore debitis nesciunt magni expedita. Eum est velit aliquam vero facilis.','1996-04-28 15:58:55'),
('13','13','13','Repellendus voluptates id dolorum eaque. Cumque aut ipsam quia porro incidunt cum quo. Vero itaque consequuntur natus ea quaerat laudantium. Eaque magnam voluptatibus optio repellendus nostrum. Commodi ut quia iste voluptatem commodi.','1992-03-09 16:24:20'),
('14','14','14','Veniam porro officiis alias et non accusantium corrupti aut. Placeat alias aliquam et quis adipisci ipsum qui aliquam. Non earum voluptatem voluptates autem nobis.','1996-04-29 12:57:29'),
('15','15','15','Iusto hic ipsa a voluptas pariatur eligendi. Eum maxime in minus perferendis ad maxime possimus. Quam ut dignissimos error eius veritatis eius.','2011-08-05 03:29:55'),
('16','16','16','Possimus fugiat fuga in deserunt nobis quo molestias. Iusto laborum cumque voluptatum ipsum. Sunt reprehenderit et ipsum dicta dolor. Voluptas in velit quisquam repudiandae excepturi.','1995-09-15 05:08:29'),
('17','17','17','Rerum repudiandae voluptates magni error. Occaecati nihil eos nemo consequatur repellendus ex consectetur est. Deleniti libero pariatur cumque. Labore unde dolorum non magni voluptas dolorem aliquid.','1987-05-29 22:38:29'),
('18','18','18','Nemo voluptatem est eum rerum velit velit. Neque quae non saepe asperiores totam nobis. Corporis earum nisi voluptatem molestiae labore rerum fugiat.','2005-12-06 17:46:39'),
('19','19','19','Minima consequatur esse hic quidem. Praesentium qui commodi possimus rem.','2015-04-13 11:31:50'),
('20','20','20','Dolorem impedit esse est porro perspiciatis est cumque maxime. Saepe sint commodi consequatur cupiditate minima in et. Quod eligendi itaque voluptas soluta ut possimus.','1972-02-17 01:00:17'),
('21','21','21','Consectetur velit nesciunt doloremque tempore consequatur. Ratione laudantium magnam laudantium quia dolore. Consequatur et eius commodi occaecati aspernatur et.','1988-09-22 02:06:29'),
('22','22','22','Consequuntur nisi sit tenetur impedit. Nihil quod nisi rerum et. Sed ducimus voluptates est perferendis dignissimos.','2004-11-24 19:32:16'),
('23','23','23','Dolorem et numquam doloribus quos odio sed commodi aut. Iure incidunt consequuntur iure voluptatibus repellat mollitia. Saepe dolor odio ducimus nemo eum. Voluptas perspiciatis minima velit hic doloremque.','1998-02-05 11:44:20'),
('24','24','24','Ea inventore voluptas est dolores ut praesentium dolorem praesentium. Est debitis et et eum sed et adipisci. Et facilis consequatur est exercitationem nisi.','1998-11-28 10:38:53'),
('25','25','25','Voluptatem ut et nam. Voluptas ea sed a. Incidunt consectetur architecto quo repellendus ut sed laboriosam. Quas quisquam aut ipsa a omnis dolores.','1981-05-27 02:58:05'),
('26','26','26','Eius placeat adipisci eius officia quia rem. Repudiandae mollitia porro velit aspernatur exercitationem rerum. Soluta facilis delectus voluptas.','1983-07-10 16:37:57'),
('27','27','27','Voluptatum architecto in quam illum quis. Repellendus hic accusamus nam. Soluta culpa dignissimos molestias nam atque ut qui. Rerum consequatur qui perferendis ut sunt impedit labore.','2017-08-08 22:59:12'),
('28','28','28','Error cupiditate qui eveniet esse. Incidunt aspernatur commodi qui est veritatis. Quia ut unde qui et.','2008-11-26 23:07:11'),
('29','29','29','Aut porro sit facilis accusantium error. Quis quaerat reprehenderit minima eaque voluptates. Unde amet beatae error quia. Nobis similique aliquid numquam qui impedit.','1994-03-24 19:36:08'),
('30','30','30','Earum ducimus hic ducimus. Labore voluptatem dolorem nisi eum voluptatem omnis in. Voluptatibus facilis velit voluptas.','2006-10-08 11:18:00'),
('31','1','1','Tenetur voluptatem et odio explicabo. Impedit quod animi vero provident dolor in ad. Deserunt et illo aperiam sequi.','1971-04-01 12:21:47'),
('32','2','2','A repellat dolor est quasi dolor vero placeat est. Sed est nihil hic non est facilis sint. Officiis et voluptatum repellendus minima. A assumenda magni eligendi velit aliquam aut vero.','2012-10-16 02:24:43'),
('33','3','3','Nesciunt iusto illum ex exercitationem omnis rerum qui hic. Recusandae odio aut ut facilis dolorum voluptas ratione autem. Non eaque ipsum dolorem eveniet ut aut qui. Eos quia velit delectus officiis.','2005-09-16 03:40:11'),
('34','4','4','Ut sed amet ad quisquam. Rerum sed soluta facere eaque voluptas. Ipsum in aut consectetur dolor magnam.','1976-09-09 02:25:29'),
('35','5','5','Sint quisquam iste id sapiente. Quia molestiae nobis animi. Quia qui quae asperiores aut aut pariatur aut.','1982-10-21 08:57:03'),
('36','6','6','Dolorem enim praesentium rerum qui sed odit. Sit deleniti et qui harum corporis itaque nisi. Molestiae assumenda voluptas placeat harum laboriosam. Necessitatibus ipsam velit aut nihil illum nam.','2012-03-10 07:19:36'),
('37','7','7','Aut dolorem molestiae excepturi quod ut consequatur beatae. Quas rerum dolores vero est. Vel doloribus sequi ullam ut incidunt modi. Officia aperiam rem sequi sed aut et in.','2002-12-13 21:17:22'),
('38','8','8','Deleniti repellendus veniam sit tempore. Exercitationem aliquam accusantium nulla voluptas expedita iusto dolor. Quo distinctio praesentium molestias fugit molestiae inventore.','1991-05-10 20:27:12'),
('39','9','9','Iusto eaque nobis eum quos velit voluptates eaque. Ducimus neque quos voluptates ad saepe.','2000-12-31 06:30:07'),
('40','10','10','Quia enim sit aliquid perferendis pariatur ipsum aut. Quo explicabo rerum voluptates neque hic. Ut nostrum non voluptatem.','1983-11-07 09:06:40'),
('41','11','11','Facilis animi distinctio sed sint dignissimos aliquid aperiam nihil. Dolorum et cupiditate sit magnam aut ab. Quaerat a omnis minus consequatur sit eius exercitationem vero.','1973-08-14 15:45:16'),
('42','12','12','Nesciunt voluptatem occaecati sunt quasi nesciunt quidem. Eaque qui consequatur mollitia nesciunt corrupti optio soluta.','1991-11-16 05:48:37'),
('43','13','13','Sed est est repellat ut. Et impedit illum perspiciatis quia accusamus consequatur voluptatibus illum. Vel iure et quidem rem non voluptates. Impedit et odit sit aut voluptas voluptates.','2002-06-23 00:10:30'),
('44','14','14','Et et est est accusantium qui. Amet doloremque vel impedit suscipit dicta culpa magnam. Odit et quia ut perferendis minima dolor magni. Repudiandae quis et velit laudantium deleniti sed.','1993-09-23 08:50:24'),
('45','15','15','Est deserunt rem sequi corrupti. Unde eum placeat voluptates minima. Enim autem est dolorem voluptates asperiores non dicta totam. Ea impedit cumque dolorem modi.','2018-04-23 14:22:56'),
('46','16','16','In hic quia non non ea. Temporibus hic iusto suscipit eaque. Omnis sunt et nesciunt aliquam.','1994-02-02 03:58:35'),
('47','17','17','Ab dignissimos facere sunt labore aut sed corporis. In est ipsa autem nihil. Et voluptatem fuga dicta consequuntur dolores. Quibusdam enim sit iure est qui.','2018-06-09 10:39:35'),
('48','18','18','Sit tenetur velit a animi laboriosam qui. Aut hic iusto corporis ratione. Et consectetur voluptas ea voluptas dolorem libero.','1985-05-06 21:00:31'),
('49','19','19','Qui et voluptate ex qui eos. Dolorum in quia harum at et. Ab dicta at quia molestias voluptas. Eos sed eius nobis saepe suscipit minima repellendus est.','2008-09-27 17:06:47'),
('50','20','20','Ut id magnam velit assumenda sed. Sit ea expedita tempora qui.','2022-01-19 09:26:10'); 


DROP TABLE IF EXISTS `photo_albums`;
CREATE TABLE `photo_albums` (
  `id` bigint(20) unsigned NOT NULL AUTO_INCREMENT,
  `user_id` bigint(20) unsigned NOT NULL,
  `name` varchar(200) COLLATE utf8_unicode_ci DEFAULT NULL,
  PRIMARY KEY (`id`),
  UNIQUE KEY `id` (`id`),
  KEY `user_id` (`user_id`),
  CONSTRAINT `photo_albums_ibfk_1` FOREIGN KEY (`user_id`) REFERENCES `users` (`id`)
) ENGINE=InnoDB AUTO_INCREMENT=101 DEFAULT CHARSET=utf8 COLLATE=utf8_unicode_ci;

INSERT INTO `photo_albums` VALUES ('1','1','incidunt'),
('2','2','iusto'),
('3','3','et'),
('4','4','suscipit'),
('5','5','dolore'),
('6','6','aliquam'),
('7','7','eius'),
('8','8','ea'),
('9','9','iure'),
('10','10','iusto'),
('11','11','nam'),
('12','12','ratione'),
('13','13','aliquam'),
('14','14','sit'),
('15','15','quos'),
('16','16','iusto'),
('17','17','qui'),
('18','18','exercitationem'),
('19','19','et'),
('20','20','delectus'),
('21','21','exercitationem'),
('22','22','ut'),
('23','23','corporis'),
('24','24','neque'),
('25','25','sit'),
('26','26','quidem'),
('27','27','quia'),
('28','28','est'),
('29','29','praesentium'),
('30','30','aliquid'),
('31','1','est'),
('32','2','minus'),
('33','3','ducimus'),
('34','4','repudiandae'),
('35','5','animi'),
('36','6','et'),
('37','7','est'),
('38','8','non'),
('39','9','voluptatibus'),
('40','10','id'),
('41','11','atque'),
('42','12','voluptate'),
('43','13','et'),
('44','14','aspernatur'),
('45','15','culpa'),
('46','16','dolorem'),
('47','17','perspiciatis'),
('48','18','dolorem'),
('49','19','consectetur'),
('50','20','illum'),
('51','21','voluptas'),
('52','22','quam'),
('53','23','officiis'),
('54','24','dolores'),
('55','25','ab'),
('56','26','laboriosam'),
('57','27','explicabo'),
('58','28','at'),
('59','29','soluta'),
('60','30','molestias'),
('61','1','unde'),
('62','2','consequatur'),
('63','3','vitae'),
('64','4','accusamus'),
('65','5','alias'),
('66','6','quis'),
('67','7','fuga'),
('68','8','doloribus'),
('69','9','ea'),
('70','10','odio'),
('71','11','modi'),
('72','12','corrupti'),
('73','13','laudantium'),
('74','14','sit'),
('75','15','autem'),
('76','16','rerum'),
('77','17','numquam'),
('78','18','itaque'),
('79','19','voluptas'),
('80','20','reprehenderit'),
('81','21','id'),
('82','22','error'),
('83','23','harum'),
('84','24','quo'),
('85','25','odio'),
('86','26','nostrum'),
('87','27','sed'),
('88','28','et'),
('89','29','et'),
('90','30','officia'),
('91','1','eligendi'),
('92','2','non'),
('93','3','et'),
('94','4','porro'),
('95','5','quam'),
('96','6','omnis'),
('97','7','distinctio'),
('98','8','illo'),
('99','9','est'),
('100','10','qui'); 


DROP TABLE IF EXISTS `photos`;
CREATE TABLE `photos` (
  `id` bigint(20) unsigned NOT NULL AUTO_INCREMENT,
  `media_id` bigint(20) unsigned NOT NULL,
  `album_id` bigint(20) unsigned NOT NULL,
  PRIMARY KEY (`id`),
  KEY `media_id` (`media_id`),
  KEY `album_id` (`album_id`),
  CONSTRAINT `photos_ibfk_1` FOREIGN KEY (`media_id`) REFERENCES `media` (`id`),
  CONSTRAINT `photos_ibfk_2` FOREIGN KEY (`album_id`) REFERENCES `photo_albums` (`id`)
) ENGINE=InnoDB AUTO_INCREMENT=11 DEFAULT CHARSET=utf8 COLLATE=utf8_unicode_ci;

INSERT INTO `photos` VALUES ('1','1','1'),
('2','2','2'),
('3','3','3'),
('4','4','4'),
('5','5','5'),
('6','6','6'),
('7','7','7'),
('8','8','8'),
('9','9','9'),
('10','10','10'); 


DROP TABLE IF EXISTS `profiles`;
CREATE TABLE `profiles` (
  `user_id` bigint(20) unsigned NOT NULL AUTO_INCREMENT,
  `gender` char(1) COLLATE utf8_unicode_ci DEFAULT NULL,
  `birthday` date DEFAULT NULL,
  `photo_id` bigint(20) unsigned DEFAULT NULL,
  `created_at` datetime DEFAULT current_timestamp(),
  `hometown` varchar(100) COLLATE utf8_unicode_ci DEFAULT NULL,
  PRIMARY KEY (`user_id`)
) ENGINE=InnoDB AUTO_INCREMENT=11 DEFAULT CHARSET=utf8 COLLATE=utf8_unicode_ci;

INSERT INTO `profiles` VALUES ('1',NULL,'1970-06-19','1','1996-01-10 12:37:55',NULL),
('2',NULL,'1985-11-24','2','2017-08-10 03:16:28',NULL),
('3',NULL,'1971-06-12','3','2018-11-02 22:42:25',NULL),
('4',NULL,'1999-08-26','4','1991-05-12 12:29:18',NULL),
('5',NULL,'2005-12-30','5','1973-08-31 16:51:35',NULL),
('6',NULL,'1976-01-02','6','1982-04-30 05:14:07',NULL),
('7',NULL,'2006-12-17','7','1994-02-14 17:30:04',NULL),
('8',NULL,'1984-11-21','8','1987-04-03 05:53:35',NULL),
('9',NULL,'2005-06-11','9','2007-06-12 07:13:22',NULL),
('10',NULL,'2003-02-10','10','2016-03-31 18:06:43',NULL); 


DROP TABLE IF EXISTS `users`;
CREATE TABLE `users` (
  `id` bigint(20) unsigned NOT NULL AUTO_INCREMENT,
  `firstname` varchar(100) COLLATE utf8_unicode_ci DEFAULT NULL,
  `lastname` varchar(100) COLLATE utf8_unicode_ci DEFAULT NULL,
  `email` varchar(100) COLLATE utf8_unicode_ci DEFAULT NULL,
  `passsword_hash` varchar(100) COLLATE utf8_unicode_ci DEFAULT NULL,
  `phone` varchar(12) COLLATE utf8_unicode_ci DEFAULT NULL,
  PRIMARY KEY (`id`),
  UNIQUE KEY `email` (`email`),
  KEY `users_phone_idx` (`phone`),
  KEY `firstname` (`firstname`,`lastname`)
) ENGINE=InnoDB AUTO_INCREMENT=31 DEFAULT CHARSET=utf8 COLLATE=utf8_unicode_ci;

INSERT INTO `users` VALUES ('1','Brian','Paucek','ydoyle@example.com','cdd6bac9274912c45d79959433ecd7dff36a10bc','+44(5)618386'),
('2','Lafayette','Krajcik','mitchell.aniya@example.org','f10df47fa794a5a68f70c9e7bc12277f0b1830c0','1-407-531-05'),
('3','Gerald','Kunde','zwaelchi@example.net','1e7da3b00d37cdbbae622e16dddf07f1ceb4745e','00001224948'),
('4','Lempi','Purdy','kemmer.jacklyn@example.org','d0cd5891dcd9a75b6c1a971b352f8d3961fd11f8','648.077.8479'),
('5','Jamal','Rodriguez','zulauf.darion@example.com','c806c31070c2c030ae000be9f14263564978c5c6','539.046.9967'),
('6','Raleigh','Hettinger','dickens.antonietta@example.org','a7f12d8a68375505de5adcb980998ce47a93a2c7','897.101.7047'),
('7','Edd','Hane','melyna35@example.com','55146acca4051cf39bd6311a4b2a29828ed9a29c','(561)847-749'),
('8','Barry','Robel','malachi71@example.com','3bd8278b1a8e6f070daa16c06cf1cd0db9187dd7','289-990-3464'),
('9','Omer','Nienow','earlene33@example.net','4712059eb4e6295c7b961e7deb6087d887a5c85c','(748)604-255'),
('10','Paolo','Lehner','kozey.kayla@example.com','81f4dcc58d1d6bc92ce2c44380b13a6ceff211b3','1-518-624-61'),
('11','Esteban','Hilll','ymarquardt@example.net','c6c5a2b637cf448a57449ec49d0659f8dffa940d','1-293-399-87'),
('12','Magdalena','Mohr','keenan.cruickshank@example.net','a5bb6597e6931e305e71516858759f7c832e2836','03710365834'),
('13','Tad','Walter','christophe.beatty@example.net','7219f2c71a352abce13277c9f6f47c9d5f6ea94e','09905167689'),
('14','Wilfredo','Torphy','leilani.dicki@example.org','c2f653f7c16093eade97dbeb350724b9154d3814','02041592658'),
('15','Ted','Funk','chester.flatley@example.com','78c5b45ac29894b63d592fe51136e78a06c554ac','1-022-919-30'),
('16','Jalen','Crooks','turner.saige@example.org','231ec7bfa81c86661bb8d1fac1cab3003f8d397a','(789)903-076'),
('17','Alysson','Williamson','destiney.smith@example.org','c1cae3cb4989a72c216761fe204faddfb1f8a291','09502915961'),
('18','Alyson','Stracke','corbin17@example.org','368a28a11fc4381e7725872674897ff73cf35d87','1-067-308-39'),
('19','Judson','Lesch','labadie.luella@example.org','48128e18d3307650e71decfdfbc8b0e5dd3dd25d','1-236-958-62'),
('20','Antonio','Treutel','dmueller@example.com','934fe88ae9756b766d585399242bdfc0a3be6af0','1-280-770-71'),
('21','Elmo','Bogan','forrest.hoppe@example.net','fa7e7b50f415b4a24035c78211d223883807e182','03056994343'),
('22','Marian','Walsh','della45@example.org','f3d67a48c013df9473dca7e600d45f17f93d0516','285-025-4858'),
('23','Jerald','Brekke','vickie.mills@example.net','a9b1fd558835bfdb6c91a4e7671fa571894bc344','218.068.4954'),
('24','Ara','Murray','turner.aniyah@example.net','b63a3187885468e1d0692c2d204fb79ba377f399','005.619.7338'),
('25','Keely','Kohler','halvorson.creola@example.org','99cf011742204b534df69e456697cfc1a4125f8e','112.716.5478'),
('26','Kamron','Kautzer','zita69@example.net','851fc23465a7167ee83dca9daefa60e61f90f50a','1-880-234-98'),
('27','Selena','Rath','xkerluke@example.com','e99664f2aad8bb776778d24ca9ae3937245a9f46','593.191.8534'),
('28','Frida','Howe','west.darryl@example.com','5769c18dea4127e9031f641ea11beb72308dcc04','(717)310-974'),
('29','Lelia','Grimes','xosinski@example.net','92529fa32cbeb654c60ffc148b0f7690e1da57a7','997-175-8276'),
('30','Tre','Kuhlman','lesch.holly@example.net','aee6c8eb5f901756b03e5c53cef16fa85ee716fc','1-484-516-03'); 


DROP TABLE IF EXISTS `users_communities`;
CREATE TABLE `users_communities` (
  `user_id` bigint(20) unsigned NOT NULL,
  `community_id` bigint(20) unsigned NOT NULL,
  PRIMARY KEY (`user_id`,`community_id`),
  KEY `community_id` (`community_id`),
  CONSTRAINT `users_communities_ibfk_1` FOREIGN KEY (`user_id`) REFERENCES `users` (`id`),
  CONSTRAINT `users_communities_ibfk_2` FOREIGN KEY (`community_id`) REFERENCES `communities` (`id`)
) ENGINE=InnoDB DEFAULT CHARSET=utf8 COLLATE=utf8_unicode_ci;

INSERT INTO `users_communities` VALUES ('1','1'),
('2','2'),
('3','3'),
('4','4'),
('5','5'),
('6','6'),
('7','7'),
('8','8'),
('9','9'),
('10','10'); 


DROP TABLE IF EXISTS `videos`;
CREATE TABLE `videos` (
  `id` bigint(20) unsigned NOT NULL AUTO_INCREMENT,
  `videos_id` bigint(20) unsigned NOT NULL,
  `name` varchar(200) COLLATE utf8_unicode_ci DEFAULT NULL,
  `created_at` datetime DEFAULT current_timestamp(),
  PRIMARY KEY (`id`),
  KEY `name` (`name`),
  KEY `videos_id` (`videos_id`),
  CONSTRAINT `videos_ibfk_1` FOREIGN KEY (`videos_id`) REFERENCES `users` (`id`)
) ENGINE=InnoDB AUTO_INCREMENT=11 DEFAULT CHARSET=utf8 COLLATE=utf8_unicode_ci;

INSERT INTO `videos` VALUES ('1','1','molestiae','1975-08-05 16:02:42'),
('2','2','dolorem','1980-06-11 12:04:38'),
('3','3','reiciendis','2003-01-10 17:34:17'),
('4','4','sed','2004-07-24 20:29:37'),
('5','5','praesentium','1970-10-20 13:55:07'),
('6','6','culpa','1984-06-23 09:53:03'),
('7','7','odio','1974-10-10 21:02:48'),
('8','8','quas','2007-06-13 10:17:44'),
('9','9','voluptas','2017-08-31 11:48:00'),
('10','10','rerum','1993-11-10 09:34:46'); 




/*!40101 SET SQL_MODE=@OLD_SQL_MODE */;
/*!40014 SET FOREIGN_KEY_CHECKS=@OLD_FOREIGN_KEY_CHECKS */;
/*!40014 SET UNIQUE_CHECKS=@OLD_UNIQUE_CHECKS */;
/*!40101 SET CHARACTER_SET_CLIENT=@OLD_CHARACTER_SET_CLIENT */;
/*!40101 SET CHARACTER_SET_RESULTS=@OLD_CHARACTER_SET_RESULTS */;
/*!40101 SET COLLATION_CONNECTION=@OLD_COLLATION_CONNECTION */;
/*!40111 SET SQL_NOTES=@OLD_SQL_NOTES */;
